Block,Ref,Part,MPN,LCSC#,JLC_Class,Price@10_est_USD,Stock_est,Lifecycle,Alternate,Notes
"Block 1 - MCU+Power+USB",U1,"ESP32-S3 module","ESP32-S3-WROOM-1-N16R8",TBD,Extended,4.00,Moderate,Active,ESP32-S3-WROOM-1-N8R8,Stock KiCad symbol RF_Module
"Block 1 - MCU+Power+USB",U2,"3V3 LDO 1A","AP7361C-33ER-13 (SOT-223R)",TBD,Extended,0.30,High,Active,TLV75901PDRVR,"ER suffix only! SOT223R: 1=GND 2=OUT 3=IN. -33E-13 has wrong pinout."
"Block 1 - MCU+Power+USB",U5,"USB ESD","USBLC6-2SC6 (SOT-23-6)",TBD,Extended,0.15,High,Active,ESD7351,Stock KiCad Power_Protection
"Block 1 - MCU+Power+USB",J1,"USB-C receptacle","USB4085-GF-A (GCT)",TBD,Extended,0.50,High,Active,HRO TYPE-C-31-M-12,"Footprint: Connector_USB:USB_C_Receptacle_GCT_USB4085"
"Block 1 - MCU+Power+USB","SW1-SW3","Tactile switch","TL3342F160QG",TBD,Extended,0.12,Good,Active,TS-1187A (Basic),Stock KiCad footprint
"Block 1 - MCU+Power+USB","R1,R2","0603 5.1kΩ 1%",Generic,C25919,Basic,0.002,Very High,Active,-,
"Block 1 - MCU+Power+USB","R3-R5","0603 10kΩ 1%",Generic,C25804,Basic,0.002,Very High,Active,-,
"Block 1 - MCU+Power+USB",C1,"0805 10µF 16V X5R",Generic,C169506,Basic,0.015,Very High,Active,-,
"Block 1 - MCU+Power+USB",C2,"0603 0.1µF 50V X7R",Generic,C30722,Basic,0.002,Very High,Active,-,
"Block 1 - MCU+Power+USB",C3,"0603 1µF 16V X7R",Generic,C15850,Basic,0.005,Very High,Active,-,
"Block 1 - MCU+Power+USB",C4,"0805 22µF 10V X5R",Generic,C54614,Basic,0.02,High,Active,-,
"Block 1 - MCU+Power+USB","C5,C7","0603 0.1µF 50V X7R",Generic,C30722,Basic,0.002,Very High,Active,-,
"Block 1 - MCU+Power+USB",C6,"0805 22µF 10V X5R",Generic,C54614,Basic,0.02,High,Active,-,
"Block 1 - MCU+Power+USB",C8,"0603 1µF 16V X7R",Generic,C15850,Basic,0.005,Very High,Active,-,
"Block 1 - MCU+Power+USB","R6,R7","0603 100kΩ 1%",Generic,C25803,Basic,0.002,Very High,Active,-,"CC1/CC2 -> CC_SENSE sum (added 2026-09-28)"
"Block 1 - MCU+Power+USB",C9,"0603 0.1µF 50V X7R",Generic,C30722,Basic,0.002,Very High,Active,-,"CC_SENSE filter at GPIO1 (added 2026-09-28)"
"Block 1 - MCU+Power+USB",TP8,"Test pad D1.5mm",-,-,-,0.01,High,Active,-,"CC_SENSE test point (added 2026-09-28)"
"Block 2 - Audio Out",U3,"I2S Class-D amp","MAX98357AETE+ (TQFN-16)",TBD,Extended,4.00,Moderate,Active,MAX98357BETE+,Stock KiCad Audio:MAX98357A
"Block 2 - Audio Out",C_amp_bulk,"TH radial 470-1000µF 16V",Generic,C144601/4,Basic,0.06,High,Active,-,
"Block 2 - Audio Out",C_amp_cer,"0603 0.1µF 50V X7R",Generic,C30722,Basic,0.002,Very High,Active,-,
"Block 2 - Audio Out",J2,"JST-PH 2-pin SMD",Generic,C420309,Basic,0.03,High,Active,-,
"Block 3 - Mic",MK1,"I2S MEMS mic","SPH0645LM4H-B (Knowles→Syntiant)",TBD,Extended,3.50,Moderate,"Transitioned (active via Syntiant; Knowles EOL)",SPH0645LM4H-H / ICS-43434,"Bottom-port LGA-6. -B=tray, -H=tape&reel. L/R→GND. Knowles line moved to Syntiant; DigiKey 5332440 active 2026-09-30. Alternate ICS-43434 (TDK) compat. unverified."
"Block 3 - Mic",R8,"0603 100kΩ 1%",Generic,C25803,Basic,0.002,Very High,Active,-,"Mic DATA pull-down to GND (added 2026-09-28)"
"Block 3 - Mic","R9,R10,R11","0603 33Ω 1%","YAGEO RC0603FR-07330RL",C105881,Basic,0.003,Very High,Active,-,"Value confirmed: 33Ω (Yageo SMD code 330 = 33×10^0). Datasheet: LCSC C105881. Checked 2026-09-30."
"Block 3 - Mic",C10,"0603 0.1µF X7R",Generic,C30722,Basic,0.002,Very High,Active,-,"Mic VDD decoupling (added 2026-09-28)"
"Block 3 - Mic",C11,"0603 100pF C0G 50V",Generic,TBD,Basic,0.01,High,Active,-,"Mic VDD RF filter, DNP (added 2026-09-28). LCSC# TBD: LCSC site JS-rendered; could not scrape. Search LCSC for '100pF 0603 C0G 50V Basic class'. Candidate: check C0G/NP0 5% (e.g. Samsung/Murata). Iris to confirm."
"Block 4 - LED Ring",R_led,"0603 330-470Ω 1%",Generic,C25727/8,Basic,0.002,Very High,Active,-,
"Block 4 - LED Ring",C_led_bulk,"TH radial 1000µF 16V",Generic,C144604,Basic,0.08,High,Active,-,
"Block 4 - LED Ring",LED_strip,"WS2812B 27px strip",Off-board,-,-,-,-,Active,-,
"Block 5 - Sensor",U6,"Temp/humidity sensor","AHT20",TBD,Extended,0.50,High,Active,SHT30,Needs KiCad symbol import
"Block 5 - Sensor",R_i2c,"0603 4.7kΩ 1%",Generic,C25920,Basic,0.002,Very High,Active,-,
"Block 6 - Display",J3,"FPC 24-pin 0.5mm",Generic,TBD,Extended,0.15,Good,Active,-,-
"Block 7 - Mic Mute",SW4,"Slide switch DPDT","C&K JS202011AQN",C221662,Extended,0.76,Moderate,Active,"E-Switch EG2219","DPDT slide switch, right-angle THT. LCSC C221662 confirmed 2026-09-30. Alternate EG2219 has different footprint."
"Block 7 - Mic Mute","R12,R14","0603 1kΩ 1%",Generic,C211904,Basic,0.002,Very High,Active,-,"R12: DATA clamp GND. R14: GPIO2 series. Uniroyal 0603WAF1001T5E."
"Block 7 - Mic Mute",R13,"0603 10kΩ 1%",Generic,C25804,Basic,0.002,Very High,Active,-,"MIC_MUTE_SW pull-up; same value as R3-R5."
"Block 7 - Mic Mute",C12,"0603 0.1µF 50V X7R",Generic,C30722,Basic,0.002,Very High,Active,-,"MIC_MUTE_SW debounce; same value as C2/C5/C7."