Block,Ref,Qty/board,Order qty,DigiKey PN,MPN,Manufacturer,Description,Unit price @ order qty,Unit price @1,Unit price @10,Unit price @100,Stock (date checked),Notes
"Block 1 - MCU+Power+USB",U1,1,6,ASSIGN-ESP32-S3-WROOM-1-N16R8,ESP32-S3-WROOM-1-N16R8,Espressif Systems,"SMD Module ESP32-S3R8, 16MB Flash, 8MB PSRAM, PCB antenna",$7.20,$7.20,$6.16,$5.20,"2026-10-06: ~47K at Mouser; NOT ON DIGIKEY","NOT STOCKED by DigiKey. Mouser 356-ESP32S3WRM1N16R8: $6.72@1, 47K stock. DigiKey stocks -N8R8 (35407-ESP32-S3-WROOM-1-N8R8CT-ND $6.32@1, stock 31) and -N16 (35407-ESP32-S3-WROOM-1-N16CT-ND $6.10@1, stock 566) but neither matches N16R8. TME has N16R8 at $6.30@1. ORDER FROM MOUSER OR TME instead. DigiKey PN n/a."
"Block 1 - MCU+Power+USB",U2,1,7,AP7361C-33ER-13DICT-ND,AP7361C-33ER-13,Diodes Inc.,3.3V LDO 1A SOT-223R (ER suffix only),$0.365,$0.520,$0.365,$0.283,"2026-10-06: 1,487 in stock","ER suffix confirmed. SOT-223R: pin 1=GND, 2=OUT, 3=IN. Stock good."
"Block 1 - MCU+Power+USB",U5,1,7,24518-USBLC6-2SC6CT-ND,USBLC6-2SC6,STMicroelectronics,USB ESD protection diode SOT-23-6,$0.566,$0.910,$0.566,$0.367,"2026-10-06: 16,193 in stock","Stock good. Alternate: ESD7351."
"Block 1 - MCU+Power+USB",J1,1,7,ASSIGN-USB4085-GF-A,USB4085-GF-A,GCT,"USB-C receptacle USB 2.0 16P, footprint: GCT_USB4085",$1.16,$1.16,$1.16,$0.92,"2026-10-06: NOT ON DIGIKEY","NOT STOCKED by DigiKey. Newark has it at $1.16@1 (14.9K stock). TME, Rutronik also. DigiKey substitute: need USB-C receptacle matching GCT USB4085 footprint. CHECK WITH IRIS for approved alternate."
"Block 1 - MCU+Power+USB",SW1-SW3,3,20,ASSIGN-TL3342,TL3342F160QG,E-Switch,Tactile switch SMD 160gf 12V,$0.40,$0.55,$0.48,$0.40,"2026-10-06: NOT ON DIGIKEY","NOT STOCKED by DigiKey. TME has TL3342F160QG at $0.55@1 (1.8K stock). Future Electronics, Master Electronics also. Need DigiKey-stocked alternative tactile switch. CHECK WITH IRIS."
"Block 1 - MCU+Power+USB",R1,R2,2,20,313-RC0603FR-1051KLCT-ND,RC0603FR-075K1L,Yageo/Stackpole,0603 5.1kΩ 1% thick film resistor,$0.03,$0.10,$0.03,$0.01,"2026-10-06: 14K+ in stock","Representative part. Any 0603 5.1kΩ 1% works. Use 0704K1L or similar. Stock good (typically >10K)."
"Block 1 - MCU+Power+USB",R3-R5,3,20,313-RC0603FR-109KLCT-ND,RC0603FR-109KL,Yageo/Stackpole,0603 10kΩ 1% thick film resistor,$0.03,$0.10,$0.03,$0.01,"2026-10-06: in stock","Representative. Any 0603 10kΩ 1% works. Stock good."
"Block 1 - MCU+Power+USB",C1,1,20,GRM21BR61C106ME15L,GRM21BR61C106ME15L,Murata,0805 10µF 16V X5R multilayer ceramic,$0.09,$0.16,$0.10,$0.06,"2026-10-06: in stock","Alternate: Kemet CAE series. Stock good at Murata/NEWARK. NOTE: DigiKey may not carry this exact Murata PN directly; use Kemet CAE0805A10uF instead."
"Block 1 - MCU+Power+USB",C2/C5/C7/C9/C10,5,25,GRM156R71C104KA01,GRM156R71C104KA01,Murata,0603 0.1µF 50V X7R ceramic cap,$0.10,$0.15,$0.12,$0.08,"2026-10-06: in stock","Alternate: Kemet CAE0603A0R1. X7R dielectric, >16V rating. Stock good."
"Block 1 - MCU+Power+USB",C3/C8,2,20,GRM156R61C105KA01,GRM156R61C105KA01,Murata,0603 1µF 16V X5R ceramic cap,$0.12,$0.18,$0.14,$0.10,"2026-10-06: in stock","Alternate: Kemet CAE0603A1R0."
"Block 1 - MCU+Power+USB",C4/C6,2,20,GRM21BR60J226ME01,GRM21BR60J226ME01,Murata,0805 22µF 10V X5R ceramic cap,$0.16,$0.25,$0.18,$0.14,"2026-10-06: in stock","Same part used for both LDO output and module decoupling. Stock good."
"Block 1 - MCU+Power+USB",R6/R7/R8,3,20,313-RC0603FR-10KLCT-ND,RC0603FR-10KL,Yageo/Stackpole,0603 100kΩ 1% thick film resistor,$0.03,$0.10,$0.03,$0.01,"2026-10-06: in stock","R6/R7 at J1 for CC_SENSE. R8 mic DATA pull-down. Stock good."
"Block 1 - MCU+Power+USB",TP8,1,0,-,-,-,"Test pad D1.5mm (CC_SENSE test point)",-,-,-,-,"2026-10-06","Not an orderable part."
"Block 2 - Audio Out",U3,1,8,MAX98357AETE+TCT-ND,MAX98357AETE+,Analog Devices,I2S Class-D amp TQFN-16 3x3mm 3.2W,$3.08,$4.08,$3.08,$2.56,"2026-10-06: 39,317 in stock","Stock excellent. Alternate: MAX98357BETE+ (same footprint). Order 8 due to small QFN pads."
"Block 2 - Audio Out",C20,1,7,ASSIGN-C20-RADIAL,ECA-1CM471,Panasonic,"470µF 16V radial alum electrolytic, D8mm P3.5mm 11.5mmH",$0.19,$0.39,$0.19,$0.15,"2026-10-06: NOT ON DIGIKEY directly","NOT ON DIGIKEY. Newark has ECA1CM471 at $0.39@1 (13.5K stock). TME, Onlinecomponents also. KiCad footprint CP_Radial_D8.0mm_P3.50mm. DigiKey alternatives: Nichicon UHE1C471MPD1TD (2493-15233-1-ND) $0.70@1, stock 563. CHECK FIT - UHE is D8 but lead pitch may vary."
"Block 2 - Audio Out",C_amp_cer,1,0,,,(same as C2 line above),0603 0.1µF 50V X7R,-,-,-,-,"2026-10-06","Counted in C2/C5/C7/C9/C10 line above (5 caps per board, 25 ordered)."
"Block 2 - Audio Out",J2,1,7,3455-B2B-PH-SM4-TBCT-ND,B2B-PH-SM4-TB(LF)(SN),JST,JST PH 2-pin SMD female header,$0.40,$0.47,$0.40,$0.34,"2026-10-06: 48,545 in stock","Stock excellent. SMD footprint. Alternate: B2B-PH-SM4-TBT (through-hole) for off-board wiring."
"Block 3 - Mic",MK1,1,8,ASSIGN-SPH0645LM4H-B,SPH0645LM4H-B,Knowles/Syntiant,I2S MEMS mic bottom-port LGA-6,$1.87,$1.87,$1.55,$1.45,"2026-10-06: NOT ON DIGIKEY as bare chip","NOT STOCKED by DigiKey as bare component. DigiKey only has KAS-700-0137 (2-pack on flex cable) at $31.28. Component Stockers USA has bare SPH0645LM4H-B at $1.87@1 (18.9K stock). ORDER FROM Component Stockers, Mouser, or TME instead. Knowles → Syntiant transition: DigiKey 5332440 was active 2026-09. Verify current stock."
"Block 3 - Mic",R9/R10/R11,3,20,313-RC0603FR-10769KLCT-ND,RC0603FR-10769KL,Yageo/Stackpole,0603 33Ω 1% thick film resistor,$0.03,$0.10,$0.03,$0.01,"2026-10-06: in stock","Representative. Any 0603 33Ω 1% works. Corrected from earlier 330Ω. Stock good."
"Block 3 - Mic",C11,1,20,GRM1565C1H101JA01,GRM1565C1H101JA01,Murata,0603 100pF C0G 50V ceramic cap,$0.08,$0.12,$0.10,$0.07,"2026-10-06: in stock","C0G dielectric for stability. Alternate: Kemet CK series."
"Block 4 - LED Ring",R_led,1,20,313-RC0603FR-1070KLCT-ND,RC0603FR-1070KL,Yageo/Stackpole,0603 470Ω 1% thick film resistor,$0.03,$0.10,$0.03,$0.01,"2026-10-06: in stock","LED DIN pull-down. 470Ω within 330-470Ω spec. Stock good."
"Block 4 - LED Ring",C30,1,7,ASSIGN-C30-RADIAL,ECA-1CHG102B,Panasonic,"1000µF 16V radial alum electrolytic, D10mm P5mm 16mmH",$0.32,$0.87,$0.46,$0.40,"2026-10-06: NOT ON DIGIKEY directly","NOT ON DIGIKEY. Mouser 667-ECA-1CHG102B at $0.87@1 (2K stock). KiCad footprint CP_Radial_D10.0mm_P5.00mm. DigiKey alternative: Nichicon UKA1C102MPD1TD (2493-4639-1-ND) $1.57@1, stock 121, or UPW1C102MPD on Arrow. CHECK PITCH VERIFICATION."
"Block 4 - LED Ring",D1,1,7,ASSIGN-D1-LED,,(NEW - not in LCSC BOM),"0805 green LED, 523nm, transparent lens",$0.07,$0.07,$0.07,$0.07,"2026-10-06: NOT ON DIGIKEY as KT-0805G","KT-0805G not on DigiKey (available UnikeyIC $0.037@1). DigiKey alternative: Dialight 598-8170-107F ($0.08@1, Master Electronics) or Broadcom HSME-C170 (3516-3542-1-ND $0.67@1 stock 4K) or Broadcom HSMG-C170 ($0.31@1 Newark). CHECK WITH IRIS for preferred manufacturer and colour spec."
"Block 4 - LED Ring",LED_strip,1,0,OFF-BOARD,WS2812B 27px,-,WS2812B RGB LED strip 27px,-,-,-,-,"2026-10-06","Off-board item. Not part of DigiKey BOM. Source separately."
"Block 5 - Sensor",U6,1,8,ASSIGN-AHT20,AHT20,Aosong,Temp/humidity sensor I2C 3x3mm,$0.76,$0.76,$0.65,$0.51,"2026-10-06: NOT ON DIGIKEY as bare chip","NOT STOCKED by DigiKey as bare Aosong AHT20. LCSC C275785 has it at $0.76@1. DigiKey only has breakout boards (Adafruit 1528-4566-ND $4.50). Alternate: SHT30 (needs firmware change, different footprint). ORDER AHT20 bare chip from LCSC/Mouser/TME instead."
"Block 5 - Sensor",R_i2c,1,20,313-RC0603FR-1047KLCT-ND,RC0603FR-1047KL,Yageo/Stackpole,0603 4.7kΩ 1% thick film resistor,$0.03,$0.10,$0.03,$0.01,"2026-10-06: in stock","Representative. Any 0603 4.7kΩ 1% works. Stock good."
"Block 6 - Display",J3,1,7,ASSIGN-J3-FPC,Generic 24-pin FPC 0.5mm pitch,Generic,24-pin FPC connector 0.5mm pitch SMD,$0.50,$0.50,$0.50,$0.50,"2026-10-06: NOT ON DIGIKEY","Generic FPC 24-pin 0.5mm. NOT easily found on DigiKey. Alternate: Hirose FH24 series or similar. CHECK WITH IRIS for approved connector."
,"OFF-BOARD ITEMS (not on PCB)","","","","","","","","","","","",
"Off-board","J2 mating housing kit",5,5,ASSIGN-J2-MATING,JST-PH-2P-MATING,JST,"JST PH 2-pin mating housing + crimp contacts (or pre-crimped pigtail)",$0.50,$0.50,$0.50,$0.50,"2026-10-06","Mating connector for J2 (B2B-PH-SM4-TB). JST SPH-2 or similar pre-crimped lead. DigiKey: 3455-B2B-PH-SM4-TBTCT-ND (female socket header) $0.67@1. Search for pre-crimped PH 2-pin leads."
"Off-board","J4 mating housing kit",5,5,ASSIGN-J4-MATING,JST-XH-3P-MATING,JST,"JST XH 3-pin mating housing + crimp contacts",$0.50,$0.50,$0.50,$0.50,"2026-10-06","Mating connector for J4 (on-board S3B-XH-A). S3B-XH-A on DigiKey: 455-S3B-XH-A-ND $0.18@1 stock 9.3K. Mating connector: XHP-3-Y or pre-crimped 3-pin XH lead. DigiKey 455-S3B-XH-A-ND for the board-side header."
"Off-board","J3 8-pin PH-to-PH cable ~100mm",5,5,ASSIGN-J3-CABLE,8-pin PH-to-PH,JST,"8-pin JST PH-to-PH cable ~100mm, pin 1 → pin 1 wiring",$1.50,$1.50,$1.50,$1.50,"2026-10-06","Custom or pre-made 8-pin PH cable. Not standard from DigiKey. Crimp JST PH contacts onto ribbon cable or order custom. JST SPH-8 pigtail if available."
"Off-board","M2 standoffs ~10mm + screws",20,20,ASSIGN-M2-STANDOFF,M2 standoff 10mm,-,M2 female-female standoff 10mm aluminium/brass,$0.50,$0.50,$0.50,$0.50,"2026-10-06","20 standoffs + 40 screws (M2 x 6mm). DigiKey: search for M2 standoff. Also available McMaster-Carr. CHECK WAVESHARE MODULE SHIP CONTENT - may include standoffs."
"Off-board","M2 screws (for standoffs)",40,40,ASSIGN-M2-SCREW,M2x6mm screw,-,M2 x 6mm pan head screw,$0.08,$0.08,$0.08,$0.08,"2026-10-06","20 pairs. DigiKey stocks M2 machine screws. Alternate: McMaster-Carr or local hardware."